INSERT INTO Usuario (usuario_id, nombre, correo, contrasena, rol) VALUES
(1,'Jordan Marshall','erica69@garrett-king.info','E7TmPo9T)i','tutor'),
(2,'Jeffrey Wright','brookehorn@hotmail.com','#&5pwHNyD0','tutor'),
(3,'James Berger','rruiz@mendoza.com','&8e_6AoEpz','coordinador'),
(4,'Mary Davis MD','melissajackson@mitchell.com','bk2aeXsk&T','tutor'),
(5,'Rick Harper','steinstephanie@brown-turner.info',')7nYwjSc6f','tutor'),
(6,'Carl Anderson','edwardstammy@bryant.com','%EkHZyKs6d','estudiante'),
(7,'Eric Walker','wangjodi@gmail.com','!AnKeZv2R5','coordinador'),
(8,'Miss Jeanne Weeks','contrerastheresa@gmail.com','yP41NQAt!a','tutor'),
(9,'Karen Sandoval','stevensonjacob@hotmail.com','#77Dkg)z(2','estudiante'),
(10,'Stacey Mendoza','vdickerson@gmail.com','d&qXK4(4@5','coordinador'),
(11,'Jason Cruz','sarahcrane@ray.com','+R0ARMaKP*','estudiante'),
(12,'Ashley Mckay','jcharles@gmail.com','R9wT@bcr#D','estudiante'),
(13,'Jessica Williams','michaelallen@perkins-dunn.com','X_U1fHuN*7','estudiante'),
(14,'Michael Perkins','philipadams@valencia-rivera.com','8&Ruwu%8%O','estudiante'),
(15,'Brandon Diaz','wgarcia@hotmail.com','fm1nFRp85@','tutor'),
(16,'Bethany Sanchez','alvaradoroy@madden.com','+3M7ReNH&b','coordinador'),
(17,'Dustin Mcmillan','kelseycross@hicks.org','#bQ8SJr@es','estudiante'),
(18,'Jessica Anderson','tsmith@smith-terry.net','^BwM0XviYz','estudiante'),
(19,'Christina Young','zkennedy@murphy.com','$7DqHO(^pK','tutor'),
(20,'Michele Townsend','turnermartha@frey.com','@$1om6DiLP','tutor');
INSERT INTO Estudiante (estudiante_id, carrera) VALUES
(6,'Sit Ingeniería'),
(9,'Old Ingeniería'),
(11,'Remain Ingeniería'),
(12,'Old Ingeniería'),
(13,'Information Ingeniería'),
(14,'Instead Ingeniería'),
(17,'Son Ingeniería'),
(18,'Treat Ingeniería');
INSERT INTO Tutor (tutor_id, departamento) VALUES
(1,'His Departamento'),
(2,'Music Departamento'),
(4,'Reality Departamento'),
(5,'Wonder Departamento'),
(8,'Economy Departamento'),
(15,'Become Departamento'),
(19,'Than Departamento'),
(20,'Company Departamento');

INSERT INTO Horario (horario_id, tutor_id, fecha, hora_inicio, hora_fin, disponible) VALUES
(1,20,'2025-06-02','17:35:00','18:35:00',True),
(2,19,'2025-06-26','10:36:00','11:36:00',True),
(3,2,'2025-05-20','13:02:00','14:02:00',True),
(4,15,'2025-06-19','17:26:00','18:26:00',True),
(5,15,'2025-05-29','16:49:00','17:49:00',True),
(6,8,'2025-06-16','14:01:00','15:01:00',True),
(7,4,'2025-06-07','15:28:00','16:28:00',True),
(8,20,'2025-06-26','10:36:00','11:36:00',True),
(9,15,'2025-06-12','15:23:00','16:23:00',True),
(10,4,'2025-06-12','12:12:00','13:12:00',True),
(11,19,'2025-05-05','12:20:00','13:20:00',True),
(12,4,'2025-05-06','11:48:00','12:48:00',True),
(13,20,'2025-05-31','09:13:00','10:13:00',True),
(14,20,'2025-06-30','15:13:00','16:13:00',True),
(15,1,'2025-05-06','10:31:00','11:31:00',True),
(16,1,'2025-05-29','14:08:00','15:08:00',True),
(17,15,'2025-05-27','11:30:00','12:30:00',True),
(18,19,'2025-06-23','08:00:00','09:00:00',True),
(19,2,'2025-05-22','11:07:00','12:07:00',True),
(20,5,'2025-05-14','13:08:00','14:08:00',True);

INSERT INTO HorarioSolicitud (solicitud_id, estudiante_id, horario_id, materia, motivo, estado, fecha_solicitud) VALUES
(1,13,2,'Álgebra','Preparación de examen','Aprobada','2025-05-23 22:34:28'),
(2,11,2,'Física','Preparación de examen','Rechazada','2025-03-18 01:51:51'),
(3,12,5,'Matemáticas','Consulta general','Rechazada','2025-04-01 15:47:23'),
(4,14,19,'Estadística','Consulta general','Pendiente','2025-04-24 04:14:38'),
(5,6,4,'Álgebra','Refuerzo','Pendiente','2025-04-13 07:48:32'),
(6,9,3,'Matemáticas','Proyecto final','Pendiente','2025-01-04 04:12:31'),
(7,18,8,'Programación','Proyecto final','Aprobada','2025-01-02 10:21:06'),
(8,11,3,'Física','Proyecto final','Aprobada','2025-03-29 13:40:41'),
(9,12,1,'Matemáticas','Preparación de examen','Rechazada','2025-01-12 01:06:29'),
(10,18,13,'Estadística','Dudas de clase','Aprobada','2025-02-27 07:25:33'),
(11,6,7,'Física','Refuerzo','Aprobada','2025-04-14 03:29:11'),
(12,9,15,'Estadística','Proyecto final','Rechazada','2025-01-24 09:43:51'),
(13,14,2,'Física','Proyecto final','Rechazada','2025-02-26 12:56:15'),
(14,6,16,'Álgebra','Refuerzo','Rechazada','2025-05-31 04:28:16'),
(15,9,19,'Programación','Proyecto final','Aprobada','2025-02-14 05:54:15'),
(16,9,7,'Programación','Dudas de clase','Aprobada','2025-03-01 23:27:40'),
(17,14,17,'Estadística','Proyecto final','Rechazada','2025-02-06 11:45:16'),
(18,18,17,'Matemáticas','Dudas de clase','Aprobada','2025-05-27 23:48:44'),
(19,12,8,'Estadística','Consulta general','Aprobada','2025-04-13 00:25:53'),
(20,17,15,'Álgebra','Proyecto final','Pendiente','2025-05-26 01:04:14');
INSERT INTO Feedback (feedback_id, solicitud_id, calificacion, comentarios, fecha) VALUES
(1,4,2,'Along trouble practice measure generation short.','2025-01-30 20:07:54'),
(2,10,2,'Law next myself.','2025-04-14 19:52:26'),
(3,1,2,'Account ask room final ago live represent care.','2025-05-22 04:36:55'),
(4,20,1,'Black push strategy family doctor.','2025-01-01 00:46:32'),
(5,10,1,'Direction lead claim prepare decade.','2025-01-23 01:35:12'),
(6,16,4,'Enjoy everyone about best.','2025-02-26 01:43:26'),
(7,17,4,'Operation executive station sign choose office long.','2025-04-09 22:02:18'),
(8,7,1,'Anyone author lay wait.','2025-02-23 13:06:11'),
(9,1,2,'Staff prepare conference ground us.','2025-02-15 13:46:15'),
(10,15,1,'Take number force house suffer enter.','2025-04-01 23:28:26'),
(11,8,2,'My fine throw short.','2025-02-19 22:09:04'),
(12,20,1,'Threat fill various whom idea onto less.','2025-01-11 23:23:18'),
(13,3,1,'Everything song ready event.','2025-02-14 12:15:38'),
(14,9,2,'Myself save official member all them.','2025-02-17 08:25:24'),
(15,1,1,'Health national coach property.','2025-03-03 03:55:56'),
(16,3,2,'Someone fear season kitchen.','2025-01-09 14:20:58'),
(17,4,1,'Soon wonder maintain traditional tonight unit heavy.','2025-01-09 04:06:57'),
(18,8,2,'Exist live by smile economy.','2025-01-07 02:56:03'),
(19,8,5,'Prove why product.','2025-02-01 13:16:39'),
(20,1,1,'Carry amount myself view middle financial.','2025-03-13 15:54:02');
INSERT INTO Log_Auditoria (log_id, usuario_id, tabla_afectada, accion, fecha, descripcion) VALUES
(1,13,'Horario','DELETE','2025-05-10 23:25:06','DELETE en tabla Horario'),
(2,1,'HorarioSolicitud','DELETE','2025-03-24 12:08:10','DELETE en tabla HorarioSolicitud'),
(3,3,'Horario','DELETE','2025-01-19 03:10:56','DELETE en tabla Horario'),
(4,9,'Usuario','DELETE','2025-02-22 00:37:19','DELETE en tabla Usuario'),
(5,7,'HorarioSolicitud','DELETE','2025-05-30 23:54:23','DELETE en tabla HorarioSolicitud'),
(6,19,'HorarioSolicitud','INSERT','2025-01-26 03:17:07','INSERT en tabla HorarioSolicitud'),
(7,3,'HorarioSolicitud','UPDATE','2025-04-06 10:48:18','UPDATE en tabla HorarioSolicitud'),
(8,3,'HorarioSolicitud','UPDATE','2025-04-20 02:34:24','UPDATE en tabla HorarioSolicitud'),
(9,1,'Usuario','DELETE','2025-04-07 05:07:13','DELETE en tabla Usuario'),
(10,18,'Horario','UPDATE','2025-01-19 15:17:26','UPDATE en tabla Horario'),
(11,10,'Usuario','UPDATE','2025-02-20 16:40:32','UPDATE en tabla Usuario'),
(12,9,'HorarioSolicitud','INSERT','2025-05-24 07:54:18','INSERT en tabla HorarioSolicitud'),
(13,4,'Usuario','INSERT','2025-01-30 04:10:20','INSERT en tabla Usuario'),
(14,12,'Usuario','DELETE','2025-02-27 12:40:28','DELETE en tabla Usuario'),
(15,20,'Horario','INSERT','2025-02-15 10:09:18','INSERT en tabla Horario'),
(16,8,'Usuario','INSERT','2025-05-09 21:25:19','INSERT en tabla Usuario'),
(17,15,'HorarioSolicitud','INSERT','2025-01-08 15:50:10','INSERT en tabla HorarioSolicitud'),
(18,19,'HorarioSolicitud','DELETE','2025-05-06 18:54:50','DELETE en tabla HorarioSolicitud'),
(19,18,'HorarioSolicitud','INSERT','2025-02-25 03:20:05','INSERT en tabla HorarioSolicitud'),
(20,4,'Usuario','INSERT','2025-04-22 10:21:10','INSERT en tabla Usuario');
